変更区分,マスター種別,医薬品コード,医薬品名・規格名_漢字有効桁数,医薬品名・規格名_漢字名称,医薬品名・規格名_カナ有効桁数,医薬品名・規格名_カナ名称,単位_コード,単位_漢字有効桁数,単位_漢字名称,新又は現金額_金額種別,新又は現金額_新又は現金額,予備,麻薬・毒薬・覚醒剤原料・向精神薬,神経破壊剤,生物学的製剤,後発品,予備.1,歯科特定薬剤,造影（補助）剤,注射容量,収載方式等識別,商品名等関連,旧金額_金額種別,旧金額_旧金額,漢字名称変更区分,カナ名称変更区分,剤形,予備.2,変更年月日,廃止年月日,薬価基準収載医薬品コード,公表順序番号,経過措置年月日又は商品名医薬品コード使用期限,基本漢字名称,薬価基準収載7桁
0,Y,610406167,11,セレクナート錠２０ｍｇ,14,ｾﾚｸﾅｰﾄｼﾞｮｳ20MG,16,1,錠,1,6.3,0,0,0,0,1,0,0,0,0,1,0,1,6.3,0,0,1,,20120401,99999999,2149010F1114,7084000,0,セレクナート錠２０ｍｇ,2149010
0,Y,610406168,11,セレクナート錠４０ｍｇ,14,ｾﾚｸﾅｰﾄｼﾞｮｳ40MG,16,1,錠,1,6.3,0,0,0,0,1,0,0,0,0,1,0,1,6.3,0,0,1,,20120401,99999999,2149010F2170,7085000,0,セレクナート錠４０ｍｇ,2149010
0,Y,610412007,22,アテノロールドライシロップ１０％「ＥＭＥＣ」,20,ｱﾃﾉﾛｰﾙﾄﾞﾗｲｼﾛｯﾌﾟ10%EM,33,1,ｇ,1,58.1,0,0,0,0,1,0,0,0,0,0,0,1,60.5,0,0,1,,20120401,99999999,2123011R1020,581000,0,アテノロールドライシロップ１０％「ＥＭＥＣ」,2123011
0,Y,610444066,16,スロンタクス錠１００　１００ｍｇ,13,ｽﾛﾝﾀｸｽｼﾞｮｳ100,16,1,錠,1,16.7,0,0,0,0,1,0,0,0,0,0,0,1,20.0,0,0,1,,20120401,99999999,2149029F1038,6589000,0,スロンタクス錠１００,2149029
0,Y,610444067,16,スロンタクス錠２００　２００ｍｇ,13,ｽﾛﾝﾀｸｽｼﾞｮｳ200,16,1,錠,1,29.5,0,0,0,0,1,0,0,0,0,0,0,1,34.5,0,0,1,,20120401,99999999,2149029F2034,6590000,0,スロンタクス錠２００,2149029
0,Y,610444073,17,セプロブロック錠１００　１００ｍｇ,16,ｾﾌﾟﾛﾌﾞﾛｯｸｼﾞｮｳ100,16,1,錠,1,24.5,0,0,0,0,1,0,0,0,0,0,0,1,26.9,0,0,1,,20130621,99999999,2149029F1046,6986000,20140331,セプロブロック錠１００,2149029
0,Y,610444074,17,セプロブロック錠２００　２００ｍｇ,16,ｾﾌﾟﾛﾌﾞﾛｯｸｼﾞｮｳ200,16,1,錠,1,38.2,0,0,0,0,1,0,0,0,0,0,0,1,42.1,0,0,1,,20130621,99999999,2149029F2042,6987000,20140331,セプロブロック錠２００,2149029
0,Y,610444079,15,セルトップ錠１００　１００ｍｇ,13,ｾﾙﾄｯﾌﾟｼﾞｮｳ100,16,1,錠,1,13.7,0,0,0,0,1,0,0,0,0,8,621977100,1,15.1,0,0,1,,20120401,99999999,2149029F1011,7041000,0,セルトップ錠１００,2149029
0,Y,610444080,15,セルトップ錠２００　２００ｍｇ,13,ｾﾙﾄｯﾌﾟｼﾞｮｳ200,16,1,錠,1,25.2,0,0,0,0,1,0,0,0,0,8,620003441,1,28.4,0,0,1,,20120401,99999999,2149029F2018,7042000,0,セルトップ錠２００,2149029
0,Y,610453017,11,ウェルビー錠２．５ｍｇ,15,ｳｪﾙﾋﾞｰｼﾞｮｳ2.5MG,16,1,錠,1,14.7,0,0,0,0,1,0,0,0,0,1,0,1,17.1,0,0,1,,20120401,99999999,2123016F1050,1682000,0,ウェルビー錠２．５ｍｇ,2123016
0,Y,610453018,9,ウェルビー錠５ｍｇ,13,ｳｪﾙﾋﾞｰｼﾞｮｳ5MG,16,1,錠,1,24.8,0,0,0,0,1,0,0,0,0,1,0,1,28.4,0,0,1,,20120401,99999999,2123016F2103,1683000,0,ウェルビー錠５ｍｇ,2123016
0,Y,610453089,15,ハイパジールコーワ錠３　３ｍｇ,16,ﾊｲﾊﾟｼﾞｰﾙｺｰﾜｼﾞｮｳ3,16,1,錠,1,39.1,0,0,0,0,0,0,0,0,0,0,0,1,41.0,0,0,1,,20120401,99999999,2149021F1031,10124000,0,ハイパジールコーワ錠３,2149021
0,Y,610453097,11,ビソテート錠５　５ｍｇ,11,ﾋﾞｿﾃｰﾄｼﾞｮｳ5,16,1,錠,1,13.4,0,0,0,0,1,0,0,0,0,1,620001875,1,16.2,0,0,1,,20120401,99999999,2123016F2014,11049000,0,ビソテート錠５,2123016
0,Y,610453122,16,メイントーワ錠２．５　２．５ｍｇ,13,ﾒｲﾝﾄｰﾜｼﾞｮｳ2.5,16,1,錠,1,28.5,0,0,0,0,1,0,0,0,0,1,0,1,34.8,0,0,1,,20131213,99999999,2123016F1042,13717000,20140331,メイントーワ錠２．５,2123016
0,Y,610453123,12,メイントーワ錠５　５ｍｇ,11,ﾒｲﾝﾄｰﾜｼﾞｮｳ5,16,1,錠,1,54.1,0,0,0,0,1,0,0,0,0,1,0,1,65.1,0,0,1,,20131213,99999999,2123016F2065,13718000,20140331,メイントーワ錠５,2123016
0,Y,610453124,16,メインハーツ錠２．５　２．５ｍｇ,13,ﾒｲﾝﾊｰﾂｼﾞｮｳ2.5,16,1,錠,1,18.3,0,0,0,0,1,0,0,0,0,1,0,1,20.9,0,0,1,,20131213,99999999,2123016F1069,13719000,20140331,メインハーツ錠２．５,2123016
0,Y,610453125,12,メインハーツ錠５　５ｍｇ,11,ﾒｲﾝﾊｰﾂｼﾞｮｳ5,16,1,錠,1,24.8,0,0,0,0,1,0,0,0,0,1,0,1,28.4,0,0,1,,20131213,99999999,2123016F2111,13720000,20140331,メインハーツ錠５,2123016
0,Y,610453127,12,メインロール錠５　５ｍｇ,11,ﾒｲﾝﾛｰﾙｼﾞｮｳ5,16,1,錠,1,13.4,0,0,0,0,1,0,0,0,0,1,620001875,1,16.2,0,0,1,,20120401,99999999,2123016F2014,13723000,0,メインロール錠５,2123016
0,Y,610453148,13,ルーク錠２．５　２．５ｍｇ,10,ﾙｰｸｼﾞｮｳ2.5,16,1,錠,1,9.6,0,0,0,0,1,0,0,0,0,1,620001874,1,9.6,0,0,1,,20120401,99999999,2123016F1018,15115000,0,ルーク錠２．５,2123016
0,Y,610453149,9,ルーク錠５　５ｍｇ,8,ﾙｰｸｼﾞｮｳ5,16,1,錠,1,13.4,0,0,0,0,1,0,0,0,0,1,620001875,1,16.2,0,0,1,,20120401,99999999,2123016F2014,15116000,0,ルーク錠５,2123016
0,Y,610454035,13,小児用ミケラン細粒０．２％,19,ｼｮｳﾆﾖｳﾐｹﾗﾝｻｲﾘｭｳ0.2%,33,1,ｇ,1,15.8,0,0,0,0,0,0,0,0,0,0,0,1,16.8,0,0,1,,20120401,99999999,2123005C1030,6184000,0,小児用ミケラン細粒０．２％,2123005
0,Y,610461002,11,アテノロール２５ｍｇ錠,14,ｱﾃﾉﾛｰﾙ25MGｼﾞｮｳ,16,1,錠,1,5.6,0,0,0,0,1,0,0,0,0,8,0,1,5.6,0,0,1,,20120401,99999999,2123011F1015,576000,0,アテノロール２５ｍｇ錠,2123011
0,Y,610461003,11,アテノロール５０ｍｇ錠,14,ｱﾃﾉﾛｰﾙ50MGｼﾞｮｳ,16,1,錠,1,5.8,0,0,0,0,1,0,0,0,0,8,0,1,6.8,0,0,1,,20120401,99999999,2123011F2011,577000,0,アテノロール５０ｍｇ錠,2123011
0,Y,610463027,8,アロング錠５ｍｇ,12,ｱﾛﾝｸﾞｼﾞｮｳ5MG,16,1,錠,1,21.8,0,0,0,0,1,0,0,0,0,0,0,1,24.9,0,0,1,,20131213,99999999,2149031F1035,1278000,20140331,アロング錠５ｍｇ,2149031
0,Y,610463028,9,アロング錠１０ｍｇ,13,ｱﾛﾝｸﾞｼﾞｮｳ10MG,16,1,錠,1,32.8,0,0,0,0,1,0,0,0,0,0,0,1,36.9,0,0,1,,20131213,99999999,2149031F2040,1279000,20140331,アロング錠１０ｍｇ,2149031
0,Y,610463100,10,タルロング錠１０ｍｇ,14,ﾀﾙﾛﾝｸﾞｼﾞｮｳ10MG,16,1,錠,1,32.8,0,0,0,0,1,0,0,0,0,0,0,1,39.5,0,0,1,,20120401,99999999,2149031F2031,7745000,0,タルロング錠１０ｍｇ,2149031
0,Y,610463187,11,ベタキール錠５　５ｍｇ,11,ﾍﾞﾀｷｰﾙｼﾞｮｳ5,16,1,錠,1,30.9,0,0,0,0,1,0,0,0,0,0,0,1,34.7,0,0,1,,20120401,99999999,2149031F1043,12344000,0,ベタキール錠５,2149031
0,Y,610463188,13,ベタキール錠１０　１０ｍｇ,12,ﾍﾞﾀｷｰﾙｼﾞｮｳ10,16,1,錠,1,56.2,0,0,0,0,1,0,0,0,0,0,0,1,64.4,0,0,1,,20120401,99999999,2149031F2066,12345000,0,ベタキール錠１０,2149031
0,Y,612120004,19,アセタノールカプセル１００　１００ｍｇ,14,ｱｾﾀﾉｰﾙｶﾌﾟｾﾙ100,15,4,カプセル,1,16.5,0,0,0,0,0,0,0,0,0,0,0,1,17.3,0,0,1,,20120401,99999999,2123001M1029,457000,0,アセタノールカプセル１００,2123001
0,Y,612120016,10,インデラル錠１０ｍｇ,14,ｲﾝﾃﾞﾗﾙｼﾞｮｳ10MG,16,1,錠,1,15.3,0,0,0,0,0,0,0,0,0,1,0,1,16.0,0,0,1,,20120401,99999999,2123008F1048,1631000,0,インデラル錠１０ｍｇ,2123008
0,Y,612120017,10,インデラル錠２０ｍｇ,14,ｲﾝﾃﾞﾗﾙｼﾞｮｳ20MG,16,1,錠,1,29.5,0,0,0,0,0,0,0,0,0,1,0,1,30.7,0,0,1,,20131129,99999999,2123008F2044,1632000,20140331,インデラル錠２０ｍｇ,2123008
0,Y,612120031,10,カルビスケン錠５ｍｇ,14,ｶﾙﾋﾞｽｹﾝｼﾞｮｳ5MG,16,1,錠,1,18.3,0,0,0,0,0,0,0,0,0,0,0,1,19.1,0,0,1,,20120401,99999999,2123009F3096,3513000,0,カルビスケン錠５ｍｇ,2123009
0,Y,612120119,8,ミケラン錠５ｍｇ,11,ﾐｹﾗﾝｼﾞｮｳ5MG,16,1,錠,1,19.1,0,0,0,0,0,0,0,0,0,0,0,1,20.2,0,0,1,,20120401,99999999,2123005F1141,13505000,0,ミケラン錠５ｍｇ,2123005
0,Y,612120148,19,アセタノールカプセル２００　２００ｍｇ,14,ｱｾﾀﾉｰﾙｶﾌﾟｾﾙ200,15,4,カプセル,1,29.6,0,0,0,0,0,0,0,0,0,0,0,1,30.9,0,0,1,,20120401,99999999,2123001M2025,458000,0,アセタノールカプセル２００,2123001
0,Y,612120226,10,ナディック錠３０ｍｇ,14,ﾅﾃﾞｨｯｸｼﾞｮｳ30MG,16,1,錠,1,59.6,0,0,0,0,0,0,0,0,0,0,0,1,62.4,0,0,1,,20120401,99999999,2123015F1021,9588000,0,ナディック錠３０ｍｇ,2123015
0,Y,612120227,10,ナディック錠６０ｍｇ,14,ﾅﾃﾞｨｯｸｼﾞｮｳ60MG,16,1,錠,1,96.2,0,0,0,0,0,0,0,0,0,0,0,1,101.8,0,0,1,,20120401,99999999,2123015F2028,9589000,0,ナディック錠６０ｍｇ,2123015
0,Y,612120257,12,ベタメノール錠５　５ｍｇ,12,ﾍﾞﾀﾒﾉｰﾙｼﾞｮｳ5,16,1,錠,1,5.6,0,0,0,0,1,0,0,0,0,0,0,1,5.6,0,0,1,,20131213,99999999,2123005F1133,12366000,20140331,ベタメノール錠５,2123005
0,Y,612120318,14,アルセノール錠２５　２５ｍｇ,12,ｱﾙｾﾉｰﾙｼﾞｮｳ25,16,1,錠,1,5.6,0,0,0,0,1,0,0,0,0,8,610461002,1,5.6,0,0,1,,20120401,99999999,2123011F1015,1092000,0,アルセノール錠２５,2123011
0,Y,612120319,14,アルセノール錠５０　５０ｍｇ,12,ｱﾙｾﾉｰﾙｼﾞｮｳ50,16,1,錠,1,5.8,0,0,0,0,1,0,0,0,0,8,610461003,1,6.8,0,0,1,,20120401,99999999,2123011F2011,1093000,0,アルセノール錠５０,2123011
0,Y,612120320,14,アルマイラー錠２５　２５ｍｇ,12,ｱﾙﾏｲﾗｰｼﾞｮｳ25,16,1,錠,1,5.6,0,0,0,0,1,0,0,0,0,8,610461002,1,5.6,0,0,1,,20120401,99999999,2123011F1015,1146000,0,アルマイラー錠２５,2123011
0,Y,612120321,14,アルマイラー錠５０　５０ｍｇ,12,ｱﾙﾏｲﾗｰｼﾞｮｳ50,16,1,錠,1,5.8,0,0,0,0,1,0,0,0,0,8,610461003,1,6.8,0,0,1,,20120401,99999999,2123011F2011,1147000,0,アルマイラー錠５０,2123011
0,Y,612120324,10,クシセミン錠５０ｍｇ,13,ｸｼｾﾐﾝｼﾞｮｳ50MG,16,1,錠,1,5.8,0,0,0,0,1,0,0,0,0,8,610461003,1,6.8,0,0,1,,20120401,99999999,2123011F2011,3982000,0,クシセミン錠５０ｍｇ,2123011
0,Y,612120330,11,セーブテンス錠５０ｍｇ,15,ｾｰﾌﾞﾃﾝｽｼﾞｮｳ50MG,16,1,錠,1,26.8,0,0,0,0,1,0,0,0,0,0,0,1,28.7,0,0,1,,20131213,99999999,2123011F2194,6960000,20140331,セーブテンス錠５０ｍｇ,2123011
0,Y,612120335,13,トーワミン錠２５　２５ｍｇ,11,ﾄｰﾜﾐﾝｼﾞｮｳ25,16,1,錠,1,5.6,0,0,0,0,1,0,0,0,0,8,610461002,1,5.6,0,0,1,,20120401,99999999,2123011F1015,9528000,0,トーワミン錠２５,2123011
0,Y,612120336,13,トーワミン錠５０　５０ｍｇ,11,ﾄｰﾜﾐﾝｼﾞｮｳ50,16,1,錠,1,5.8,0,0,0,0,1,0,0,0,0,8,610461003,1,6.8,0,0,1,,20120401,99999999,2123011F2011,9529000,0,トーワミン錠５０,2123011
0,Y,612120346,13,ミロベクト錠２５　２５ｍｇ,12,ﾐﾛﾍﾞｸﾄｼﾞｮｳ25,16,1,錠,1,5.6,0,0,0,0,1,0,0,0,0,8,610461002,1,5.6,0,0,1,,20120401,99999999,2123011F1015,13629000,0,ミロベクト錠２５,2123011
0,Y,612120348,10,メゾルミン錠５０ｍｇ,14,ﾒｿﾞﾙﾐﾝｼﾞｮｳ50MG,16,1,錠,1,5.8,0,0,0,0,1,0,0,0,0,8,610461003,1,6.8,0,0,1,,20120401,99999999,2123011F2011,13834000,0,メゾルミン錠５０ｍｇ,2123011
0,Y,612120356,13,カテノミン錠５０　５０ｍｇ,11,ｶﾃﾉﾐﾝｼﾞｮｳ50,16,1,錠,1,5.8,0,0,0,0,1,0,0,0,0,8,610461003,1,6.8,0,0,1,,20120401,99999999,2123011F2011,3182000,0,カテノミン錠５０,2123011
0,Y,612140128,9,セロケン錠２０ｍｇ,12,ｾﾛｹﾝｼﾞｮｳ20MG,16,1,錠,1,15.7,0,0,0,0,0,0,0,0,0,1,0,1,16.7,0,0,1,,20120401,99999999,2149010F1025,7126000,0,セロケン錠２０ｍｇ,2149010
0,Y,612140129,9,セロケン錠４０ｍｇ,12,ｾﾛｹﾝｼﾞｮｳ40MG,16,1,錠,1,26.5,0,0,0,0,0,0,0,0,0,1,0,1,28.0,0,0,1,,20131129,99999999,2149010F2048,7127000,20140331,セロケン錠４０ｍｇ,2149010
0,Y,612140327,11,ロプレソール錠２０ｍｇ,15,ﾛﾌﾟﾚｿｰﾙｼﾞｮｳ20MG,16,1,錠,1,15.7,0,0,0,0,0,0,0,0,0,1,0,1,16.7,0,0,1,,20120401,99999999,2149010F1033,15568000,0,ロプレソール錠２０ｍｇ,2149010
0,Y,612140328,11,ロプレソール錠４０ｍｇ,15,ﾛﾌﾟﾚｿｰﾙｼﾞｮｳ40MG,16,1,錠,1,26.5,0,0,0,0,0,0,0,0,0,1,0,1,28.0,0,0,1,,20120401,99999999,2149010F2072,15569000,0,ロプレソール錠４０ｍｇ,2149010
0,Y,612140450,14,ブロクリン－Ｌカプセル５ｍｇ,16,ﾌﾞﾛｸﾘﾝ-Lｶﾌﾟｾﾙ5MG,15,4,カプセル,1,28.5,0,0,0,0,1,0,0,0,0,0,0,1,29.6,0,0,1,,20120401,99999999,2149011N1024,12083000,0,ブロクリン－Ｌカプセル５ｍｇ,2149011
0,Y,612140451,15,ブロクリン－Ｌカプセル１５ｍｇ,17,ﾌﾞﾛｸﾘﾝ-Lｶﾌﾟｾﾙ15MG,15,4,カプセル,1,69.1,0,0,0,0,1,0,0,0,0,0,0,1,71.8,0,0,1,,20120401,99999999,2149011N2020,12084000,0,ブロクリン－Ｌカプセル１５ｍｇ,2149011
0,Y,612140521,15,ハイパジールコーワ錠６　６ｍｇ,16,ﾊｲﾊﾟｼﾞｰﾙｺｰﾜｼﾞｮｳ6,16,1,錠,1,71.7,0,0,0,0,0,0,0,0,0,0,0,1,75.0,0,0,1,,20120401,99999999,2149021F2020,10125000,0,ハイパジールコーワ錠６,2149021
0,Y,612140552,12,メデピン錠４０　４０ｍｇ,12,ﾒﾃﾞﾋﾟﾝｼﾞｮｳ40,16,1,錠,1,7.4,0,0,0,0,1,0,0,0,0,1,0,1,7.4,0,0,1,,20130621,99999999,2149010F2064,13913000,20140331,メデピン錠４０,2149010
0,Y,612140670,13,シプセロン錠２０　２０ｍｇ,12,ｼﾌﾟｾﾛﾝｼﾞｮｳ20,16,1,錠,1,6.3,0,0,0,0,1,0,0,0,0,1,0,1,6.3,0,0,1,,20131213,99999999,2149010F1050,5901000,20140331,シプセロン錠２０,2149010
0,Y,612140671,13,シプセロン錠４０　４０ｍｇ,12,ｼﾌﾟｾﾛﾝｼﾞｮｳ40,16,1,錠,1,6.3,0,0,0,0,1,0,0,0,0,1,0,1,6.3,0,0,1,,20131213,99999999,2149010F2110,5902000,20140331,シプセロン錠４０,2149010
0,Y,612140684,11,メトプリック錠２０ｍｇ,15,ﾒﾄﾌﾟﾘｯｸｼﾞｮｳ20MG,16,1,錠,1,6.3,0,0,0,0,1,0,0,0,0,1,0,1,6.3,0,0,1,,20120401,99999999,2149010F1084,13932000,0,メトプリック錠２０ｍｇ,2149010
0,Y,612140685,11,メトプリック錠４０ｍｇ,15,ﾒﾄﾌﾟﾘｯｸｼﾞｮｳ40MG,16,1,錠,1,6.3,0,0,0,0,1,0,0,0,0,1,0,1,6.3,0,0,1,,20120401,99999999,2149010F2153,13933000,0,メトプリック錠４０ｍｇ,2149010
0,Y,612140695,12,セレクトール錠１００ｍｇ,15,ｾﾚｸﾄｰﾙｼﾞｮｳ100MG,16,1,錠,1,71.5,0,0,0,0,0,0,0,0,0,0,0,1,76.4,0,0,1,,20120401,99999999,2149029F1020,7082000,0,セレクトール錠１００ｍｇ,2149029
0,Y,612140696,12,セレクトール錠２００ｍｇ,15,ｾﾚｸﾄｰﾙｼﾞｮｳ200MG,16,1,錠,1,130.5,0,0,0,0,0,0,0,0,0,0,0,1,139.3,0,0,1,,20120401,99999999,2149029F2026,7083000,0,セレクトール錠２００ｍｇ,2149029
0,Y,612140700,9,ケルロング錠５ｍｇ,13,ｹﾙﾛﾝｸﾞｼﾞｮｳ5MG,16,1,錠,1,70.8,0,0,0,0,0,0,0,0,0,0,0,1,75.6,0,0,1,,20120401,99999999,2149031F1027,4626000,0,ケルロング錠５ｍｇ,2149031
0,Y,612140701,10,ケルロング錠１０ｍｇ,14,ｹﾙﾛﾝｸﾞｼﾞｮｳ10MG,16,1,錠,1,134.5,0,0,0,0,0,0,0,0,0,0,0,1,143.5,0,0,1,,20120401,99999999,2149031F2023,4627000,0,ケルロング錠１０ｍｇ,2149031
0,Y,620001874,19,ビソプロロールフマル酸塩錠　２．５ｍｇ,20,ﾋﾞｿﾌﾟﾛﾛｰﾙﾌﾏﾙｻﾝｴﾝｼﾞｮｳ,16,1,錠,1,9.6,0,0,0,0,1,0,0,0,0,1,0,1,9.6,0,0,1,,20120401,99999999,2123016F1018,11053000,0,ビソプロロールフマル酸塩錠,2123016
0,Y,620001875,17,ビソプロロールフマル酸塩錠　５ｍｇ,20,ﾋﾞｿﾌﾟﾛﾛｰﾙﾌﾏﾙｻﾝｴﾝｼﾞｮｳ,16,1,錠,1,13.4,0,0,0,0,1,0,0,0,0,1,0,1,16.2,0,0,1,,20120401,99999999,2123016F2014,11055000,0,ビソプロロールフマル酸塩錠,2123016
0,Y,620002034,8,ケフナン錠５ｍｇ,11,ｹﾌﾅﾝｼﾞｮｳ5MG,16,1,錠,1,34.0,0,0,0,0,1,0,0,0,0,0,0,1,38.1,0,0,1,,20120401,99999999,2149031F1051,4605000,0,ケフナン錠５ｍｇ,2149031
0,Y,620002035,9,ケフナン錠１０ｍｇ,12,ｹﾌﾅﾝｼﾞｮｳ10MG,16,1,錠,1,64.7,0,0,0,0,1,0,0,0,0,0,0,1,72.8,0,0,1,,20120401,99999999,2149031F2074,4606000,0,ケフナン錠１０ｍｇ,2149031
0,Y,620002066,13,テノーミン錠２５　２５ｍｇ,11,ﾃﾉｰﾐﾝｼﾞｮｳ25,16,1,錠,1,57.2,0,0,0,0,0,0,0,0,0,0,0,1,61.2,0,0,1,,20120401,99999999,2123011F1155,8572000,0,テノーミン錠２５,2123011
0,Y,620002067,13,テノーミン錠５０　５０ｍｇ,11,ﾃﾉｰﾐﾝｼﾞｮｳ50,16,1,錠,1,96.6,0,0,0,0,0,0,0,0,0,0,0,1,103.3,0,0,1,,20120401,99999999,2123011F2437,8573000,0,テノーミン錠５０,2123011
0,Y,620003178,14,ミケランＬＡカプセル１５ｍｇ,15,ﾐｹﾗﾝLAｶﾌﾟｾﾙ15MG,15,4,カプセル,1,74.6,0,0,0,0,0,0,0,0,0,0,0,1,78.4,0,0,1,,20120401,99999999,2149025N1034,13502000,0,ミケランＬＡカプセル１５ｍｇ,2149025
0,Y,620003441,16,セリプロロール塩酸塩２００ｍｇ錠,20,ｾﾘﾌﾟﾛﾛｰﾙｴﾝｻﾝｴﾝ200MGｼ,16,1,錠,1,25.2,0,0,0,0,1,0,0,0,0,8,0,1,26.2,0,0,1,,20120401,99999999,2149029F2018,7021000,0,セリプロロール塩酸塩２００ｍｇ錠,2149029
0,Y,620003565,11,セロケンＬ錠１２０ｍｇ,14,ｾﾛｹﾝLｼﾞｮｳ120MG,16,1,錠,1,124.8,0,0,0,0,0,0,0,0,0,0,0,1,131.4,0,0,1,,20120401,99999999,2149010G1047,7125000,0,セロケンＬ錠１２０ｍｇ,2149010
0,Y,620004286,11,セーラジール錠５０ｍｇ,15,ｾｰﾗｼﾞｰﾙｼﾞｮｳ50MG,16,1,錠,1,5.8,0,0,0,0,1,0,0,0,0,8,610461003,1,6.8,0,0,1,,20120401,99999999,2123011F2011,7002000,0,セーラジール錠５０ｍｇ,2123011
0,Y,620004453,15,インデラルＬＡカプセル６０ｍｇ,17,ｲﾝﾃﾞﾗﾙLAｶﾌﾟｾﾙ60MG,15,4,カプセル,1,90.3,0,0,0,0,0,0,0,0,0,0,0,1,95.7,0,0,1,,20131129,99999999,2149014M1049,1630000,20140331,インデラルＬＡカプセル６０ｍｇ,2149014
0,Y,620004527,9,チオグール錠５ｍｇ,13,ﾁｵｸﾞｰﾙｼﾞｮｳ5MG,16,1,錠,1,5.6,0,0,0,0,1,0,0,0,0,0,0,1,5.6,0,0,1,,20120401,99999999,2123005F1192,7909000,0,チオグール錠５ｍｇ,2123005
0,Y,620004559,15,ピンドロール錠５ｍｇ「日医工」,20,ﾋﾟﾝﾄﾞﾛｰﾙｼﾞｮｳ5MGﾆﾁｲｺｳ,16,1,錠,1,5.6,0,0,0,0,1,0,0,0,0,0,0,1,5.6,0,0,1,,20120401,99999999,2123009F3550,11320000,0,ピンドロール錠５ｍｇ「日医工」,2123009
0,Y,620004593,8,ミケラン細粒１％,11,ﾐｹﾗﾝｻｲﾘｭｳ1%,33,1,ｇ,1,37.2,0,0,0,0,0,0,0,0,0,0,0,1,39.6,0,0,1,,20120401,99999999,2123005C2036,13503000,0,ミケラン細粒１％,2123005
0,Y,620004844,9,メチニン錠５０ｍｇ,12,ﾒﾁﾆﾝｼﾞｮｳ50MG,16,1,錠,1,5.8,0,0,0,0,1,0,0,0,0,8,610461003,1,6.8,0,0,1,,20120401,99999999,2123011F2011,13872000,0,メチニン錠５０ｍｇ,2123011
0,Y,620004929,9,イスハート錠５ｍｇ,12,ｲｽﾊｰﾄｼﾞｮｳ5MG,16,1,錠,1,5.8,0,0,0,0,1,0,0,0,0,0,0,1,6.0,0,0,1,,20131129,99999999,2123009F3568,1410000,20140331,イスハート錠５ｍｇ,2123009
0,Y,620004966,10,カルテロール錠５ｍｇ,13,ｶﾙﾃﾛｰﾙｼﾞｮｳ5MG,16,1,錠,1,5.8,0,0,0,0,1,0,0,0,0,0,0,1,6.0,0,0,1,,20130621,99999999,2123005F1206,3467000,20140331,カルテロール錠５ｍｇ,2123005
0,Y,620004967,9,カルノノン錠５ｍｇ,12,ｶﾙﾉﾉﾝｼﾞｮｳ5MG,16,1,錠,1,5.6,0,0,0,0,1,0,0,0,0,0,0,1,5.6,0,0,1,,20120401,99999999,2123005F1214,3491000,0,カルノノン錠５ｍｇ,2123005
0,Y,620005019,12,ゼグミューラー錠４０ｍｇ,17,ｾﾞｸﾞﾐｭｰﾗｰｼﾞｮｳ40MG,16,1,錠,1,6.3,0,0,0,0,1,0,0,0,0,1,0,1,6.3,0,0,1,,20131213,99999999,2149010F2200,6681000,20140331,ゼグミューラー錠４０ｍｇ,2149010
0,Y,620005031,11,ソラシロール錠１０ｍｇ,14,ｿﾗｼﾛｰﾙｼﾞｮｳ10MG,16,1,錠,1,6.3,0,0,0,0,1,0,0,0,0,1,0,1,6.3,0,0,1,,20120401,99999999,2123008F1242,7286000,0,ソラシロール錠１０ｍｇ,2123008
0,Y,620005077,15,ピンドロール錠５ｍｇ「トーワ」,18,ﾋﾟﾝﾄﾞﾛｰﾙｼﾞｮｳ5MGﾄｰﾜ,16,1,錠,1,5.6,0,0,0,0,1,0,0,0,0,0,0,1,5.6,0,0,1,,20120401,99999999,2123009F3606,11319000,0,ピンドロール錠５ｍｇ「トーワ」,2123009
0,Y,620005972,15,サワタールＬＡカプセル６０ｍｇ,16,ｻﾜﾀｰﾙLAｶﾌﾟｾﾙ60MG,15,4,カプセル,1,36.4,0,0,0,0,1,0,0,0,0,0,0,1,40.0,0,0,1,,20130621,99999999,2149014M1057,5491000,20140331,サワタールＬＡカプセル６０ｍｇ,2149014
0,Y,620006586,11,テノミロール錠５０ｍｇ,14,ﾃﾉﾐﾛｰﾙｼﾞｮｳ50MG,16,1,錠,1,5.8,0,0,0,0,1,0,0,0,0,8,610461003,1,6.8,0,0,1,,20120401,99999999,2123011F2011,8571000,0,テノミロール錠５０ｍｇ,2123011
0,Y,620006602,11,リスモリース錠５０ｍｇ,14,ﾘｽﾓﾘｰｽｼﾞｮｳ50MG,16,1,錠,1,5.8,0,0,0,0,1,0,0,0,0,8,610461003,1,6.8,0,0,1,,20120401,99999999,2123011F2011,14791000,0,リスモリース錠５０ｍｇ,2123011
0,Y,620008281,11,アテネミール錠５０ｍｇ,14,ｱﾃﾈﾐｰﾙｼﾞｮｳ50MG,16,1,錠,1,5.8,0,0,0,0,1,0,0,0,0,8,610461003,1,6.8,0,0,1,,20120401,99999999,2123011F2011,547000,0,アテネミール錠５０ｍｇ,2123011
0,Y,620008282,11,アテノリズム錠５０ｍｇ,15,ｱﾃﾉﾘｽﾞﾑｼﾞｮｳ50MG,16,1,錠,1,5.8,0,0,0,0,1,0,0,0,0,8,610461003,1,6.8,0,0,1,,20120401,99999999,2123011F2011,575000,0,アテノリズム錠５０ｍｇ,2123011
0,Y,620008283,17,アテノロール錠５０ｍｇ「タイヨー」,18,ｱﾃﾉﾛｰﾙｼﾞｮｳ50MGﾀｲﾖｰ,16,1,錠,1,5.8,0,0,0,0,1,0,0,0,0,8,610461003,1,6.8,0,0,1,,20120401,99999999,2123011F2011,579000,0,アテノロール錠５０ｍｇ「タイヨー」,2123011
0,Y,620008697,10,ピチオロール錠５ｍｇ,14,ﾋﾟﾁｵﾛｰﾙｼﾞｮｳ5MG,16,1,錠,1,5.6,0,0,0,0,1,0,0,0,0,0,0,1,5.6,0,0,1,,20131213,99999999,2123009F3614,11123000,20140331,ピチオロール錠５ｍｇ,2123009
0,Y,620008701,9,ビリンガル錠５ｍｇ,14,ﾋﾞﾘﾝｶﾞﾙｼﾞｮｳ5MG,16,1,錠,1,5.6,0,0,0,0,1,0,0,0,0,0,0,1,5.6,0,0,1,,20131213,99999999,2123009F3622,11263000,20140331,ビリンガル錠５ｍｇ,2123009
0,Y,620008755,9,メルカトア錠５ｍｇ,12,ﾒﾙｶﾄｱｼﾞｮｳ5MG,16,1,錠,1,5.6,0,0,0,0,1,0,0,0,0,0,0,1,5.6,0,0,1,,20120401,99999999,2123005F1222,14038000,0,メルカトア錠５ｍｇ,2123005
0,Y,620008781,14,ロプレソールＳＲ錠１２０ｍｇ,18,ﾛﾌﾟﾚｿｰﾙSRｼﾞｮｳ120MG,16,1,錠,1,124.8,0,0,0,0,0,0,0,0,0,0,0,1,133.7,0,0,1,,20120401,99999999,2149010G1055,15567000,0,ロプレソールＳＲ錠１２０ｍｇ,2149010
0,Y,620009609,10,メゾルミン錠２５ｍｇ,14,ﾒｿﾞﾙﾐﾝｼﾞｮｳ25MG,16,1,錠,1,5.6,0,0,0,0,1,0,0,0,0,8,610461002,1,5.6,0,0,1,,20120401,99999999,2123011F1015,13832000,0,メゾルミン錠２５ｍｇ,2123011
0,Y,620009610,9,メチニン錠２５ｍｇ,12,ﾒﾁﾆﾝｼﾞｮｳ25MG,16,1,錠,1,5.6,0,0,0,0,1,0,0,0,0,8,610461002,1,5.6,0,0,1,,20120401,99999999,2123011F1015,13870000,0,メチニン錠２５ｍｇ,2123011
0,Y,620252201,10,チスタロール錠５ｍｇ,13,ﾁｽﾀﾛｰﾙｼﾞｮｳ5MG,16,1,錠,1,5.6,0,0,0,0,1,0,0,0,0,0,0,1,5.6,0,0,1,,20120401,99999999,2123005F1249,7960000,0,チスタロール錠５ｍｇ,2123005
0,Y,620252204,19,カルテオロール塩酸塩錠５ｍｇ「サワイ」,20,ｶﾙﾃｵﾛｰﾙｴﾝｻﾝｴﾝｼﾞｮｳ5MG,16,1,錠,1,5.8,0,0,0,0,1,0,0,0,0,0,0,0,0.0,0,0,1,,20130621,99999999,2123005F1257,0,0,カルテオロール塩酸塩錠５ｍｇ「サワイ」,2123005
0,Y,620252701,13,アイデイトロール錠１０ｍｇ,17,ｱｲﾃﾞｲﾄﾛｰﾙｼﾞｮｳ10MG,16,1,錠,1,6.3,0,0,0,0,1,0,0,0,0,1,0,1,6.3,0,0,1,,20120401,99999999,2123008F1250,156000,0,アイデイトロール錠１０ｍｇ,2123008
0,Y,620252713,21,プロプラノロール塩酸塩錠１０ｍｇ「日医工」,20,ﾌﾟﾛﾌﾟﾗﾉﾛｰﾙｴﾝｻﾝｴﾝｼﾞｮｳ,16,1,錠,1,6.3,0,0,0,0,1,0,0,0,0,1,0,0,0.0,0,0,1,,20121214,99999999,2123008F1269,0,0,プロプラノロール塩酸塩錠１０ｍｇ「日医工」,2123008
0,Y,620253701,10,レットリット錠５ｍｇ,13,ﾚｯﾄﾘｯﾄｼﾞｮｳ5MG,16,1,錠,1,5.6,0,0,0,0,1,0,0,0,0,0,0,1,5.7,0,0,1,,20120401,99999999,2123009F3630,15251000,0,レットリット錠５ｍｇ,2123009
0,Y,620253703,15,ピンドロール錠５ｍｇ「イセイ」,18,ﾋﾟﾝﾄﾞﾛｰﾙｼﾞｮｳ5MGｲｾｲ,16,1,錠,1,5.6,0,0,0,0,1,0,0,0,0,0,0,0,0.0,0,0,1,,20131213,99999999,2123009F3649,0,0,ピンドロール錠５ｍｇ「イセイ」,2123009
0,Y,620253729,16,ピンドロール錠５ｍｇ「ツルハラ」,19,ﾋﾟﾝﾄﾞﾛｰﾙｼﾞｮｳ5MGﾂﾙﾊﾗ,16,1,錠,1,5.6,0,0,0,0,1,0,0,0,0,0,0,0,0.0,0,0,1,,20131213,99999999,2123009F3657,0,0,ピンドロール錠５ｍｇ「ツルハラ」,2123009
0,Y,620254403,15,アテノロール錠２５ｍｇ「日新」,18,ｱﾃﾉﾛｰﾙｼﾞｮｳ25MGﾆｯｼﾝ,16,1,錠,1,5.6,0,0,0,0,1,0,0,0,0,8,610461002,0,0.0,0,0,1,,20121214,99999999,2123011F1015,0,0,アテノロール錠２５ｍｇ「日新」,2123011
0,Y,620254406,16,アテノロール錠２５ｍｇ「トーワ」,17,ｱﾃﾉﾛｰﾙｼﾞｮｳ25MGﾄｰﾜ,16,1,錠,1,5.6,0,0,0,0,1,0,0,0,0,8,610461002,0,0.0,0,0,1,,20131213,99999999,2123011F1015,0,0,アテノロール錠２５ｍｇ「トーワ」,2123011
0,Y,620254407,15,アテノロール錠２５ｍｇ「ＮＰ」,16,ｱﾃﾉﾛｰﾙｼﾞｮｳ25MGNP,16,1,錠,1,5.6,0,0,0,0,1,0,0,0,0,8,610461002,0,0.0,0,0,1,,20131129,99999999,2123011F1015,0,0,アテノロール錠２５ｍｇ「ＮＰ」,2123011
0,Y,620254410,16,アテノロール錠２５ｍｇ「日医工」,19,ｱﾃﾉﾛｰﾙｼﾞｮｳ25MGﾆﾁｲｺｳ,16,1,錠,1,5.6,0,0,0,0,1,0,0,0,0,8,610461002,0,0.0,0,0,1,,20131213,99999999,2123011F1015,0,0,アテノロール錠２５ｍｇ「日医工」,2123011
0,Y,620254411,16,アテノロール錠２５ｍｇ「サワイ」,17,ｱﾃﾉﾛｰﾙｼﾞｮｳ25MGｻﾜｲ,16,1,錠,1,5.6,0,0,0,0,1,0,0,0,0,8,610461002,0,0.0,0,0,1,,20121214,99999999,2123011F1015,0,0,アテノロール錠２５ｍｇ「サワイ」,2123011
0,Y,620254412,17,アテノロール錠２５ｍｇ「ＮｉｋＰ」,18,ｱﾃﾉﾛｰﾙｼﾞｮｳ25MGNIKP,16,1,錠,1,5.6,0,0,0,0,1,0,0,0,0,8,610461002,0,0.0,0,0,1,,20121214,99999999,2123011F1015,0,0,アテノロール錠２５ｍｇ「ＮｉｋＰ」,2123011
0,Y,620254413,11,セーラジール錠２５ｍｇ,15,ｾｰﾗｼﾞｰﾙｼﾞｮｳ25MG,16,1,錠,1,5.6,0,0,0,0,1,0,0,0,0,8,610461002,1,5.6,0,0,1,,20120401,99999999,2123011F1015,7000000,0,セーラジール錠２５ｍｇ,2123011
0,Y,620254416,13,カテノミン錠２５　２５ｍｇ,11,ｶﾃﾉﾐﾝｼﾞｮｳ25,16,1,錠,1,5.6,0,0,0,0,1,0,0,0,0,8,610461002,1,5.6,0,0,1,,20120401,99999999,2123011F1015,3181000,0,カテノミン錠２５,2123011
0,Y,620254417,10,クシセミン錠２５ｍｇ,13,ｸｼｾﾐﾝｼﾞｮｳ25MG,16,1,錠,1,5.6,0,0,0,0,1,0,0,0,0,8,610461002,1,5.6,0,0,1,,20120401,99999999,2123011F1015,3981000,0,クシセミン錠２５ｍｇ,2123011
0,Y,620254418,11,テノミロール錠２５ｍｇ,14,ﾃﾉﾐﾛｰﾙｼﾞｮｳ25MG,16,1,錠,1,5.6,0,0,0,0,1,0,0,0,0,8,610461002,1,5.6,0,0,1,,20120401,99999999,2123011F1015,8569000,0,テノミロール錠２５ｍｇ,2123011
0,Y,620254419,17,アテノロール錠２５ｍｇ「タイヨー」,18,ｱﾃﾉﾛｰﾙｼﾞｮｳ25MGﾀｲﾖｰ,16,1,錠,1,5.6,0,0,0,0,1,0,0,0,0,8,610461002,1,5.6,0,0,1,,20120401,99999999,2123011F1015,578000,0,アテノロール錠２５ｍｇ「タイヨー」,2123011
0,Y,620254420,11,アテネミール錠２５ｍｇ,14,ｱﾃﾈﾐｰﾙｼﾞｮｳ25MG,16,1,錠,1,5.6,0,0,0,0,1,0,0,0,0,8,610461002,1,5.6,0,0,1,,20120401,99999999,2123011F1015,545000,0,アテネミール錠２５ｍｇ,2123011
0,Y,620254421,11,アテノリズム錠２５ｍｇ,15,ｱﾃﾉﾘｽﾞﾑｼﾞｮｳ25MG,16,1,錠,1,5.6,0,0,0,0,1,0,0,0,0,8,610461002,1,5.6,0,0,1,,20120401,99999999,2123011F1015,573000,0,アテノリズム錠２５ｍｇ,2123011
0,Y,620254422,11,リスモリース錠２５ｍｇ,14,ﾘｽﾓﾘｰｽｼﾞｮｳ25MG,16,1,錠,1,5.6,0,0,0,0,1,0,0,0,0,8,610461002,1,5.6,0,0,1,,20120401,99999999,2123011F1015,14789000,0,リスモリース錠２５ｍｇ,2123011
0,Y,620254509,16,アテノロール錠５０ｍｇ「サワイ」,17,ｱﾃﾉﾛｰﾙｼﾞｮｳ50MGｻﾜｲ,16,1,錠,1,5.8,0,0,0,0,1,0,0,0,0,8,610461003,0,0.0,0,0,1,,20121214,99999999,2123011F2011,0,0,アテノロール錠５０ｍｇ「サワイ」,2123011
0,Y,620254517,16,アテノロール錠５０ｍｇ「トーワ」,17,ｱﾃﾉﾛｰﾙｼﾞｮｳ50MGﾄｰﾜ,16,1,錠,1,5.8,0,0,0,0,1,0,0,0,0,8,610461003,0,0.0,0,0,1,,20131213,99999999,2123011F2011,0,0,アテノロール錠５０ｍｇ「トーワ」,2123011
0,Y,620254527,16,アテノロール錠５０ｍｇ「日医工」,19,ｱﾃﾉﾛｰﾙｼﾞｮｳ50MGﾆﾁｲｺｳ,16,1,錠,1,5.8,0,0,0,0,1,0,0,0,0,8,610461003,0,0.0,0,0,1,,20131213,99999999,2123011F2011,0,0,アテノロール錠５０ｍｇ「日医工」,2123011
0,Y,620254532,15,アテノロール錠５０ｍｇ「日新」,18,ｱﾃﾉﾛｰﾙｼﾞｮｳ50MGﾆｯｼﾝ,16,1,錠,1,5.8,0,0,0,0,1,0,0,0,0,8,610461003,0,0.0,0,0,1,,20121214,99999999,2123011F2011,0,0,アテノロール錠５０ｍｇ「日新」,2123011
0,Y,620254544,18,アテノロール錠５０ｍｇ「ファイザー」,20,ｱﾃﾉﾛｰﾙｼﾞｮｳ50MGﾌｧｲｻﾞｰ,16,1,錠,1,26.8,0,0,0,0,1,0,0,0,0,0,0,0,0.0,0,0,1,,20131213,99999999,2123011F2577,0,0,アテノロール錠５０ｍｇ「ファイザー」,2123011
0,Y,620254553,17,アテノロール錠５０ｍｇ「ＮｉｋＰ」,18,ｱﾃﾉﾛｰﾙｼﾞｮｳ50MGNIKP,16,1,錠,1,26.8,0,0,0,0,1,0,0,0,0,0,0,0,0.0,0,0,1,,20121214,99999999,2123011F2534,0,0,アテノロール錠５０ｍｇ「ＮｉｋＰ」,2123011
0,Y,620254554,15,アテノロール錠５０ｍｇ「ＮＰ」,16,ｱﾃﾉﾛｰﾙｼﾞｮｳ50MGNP,16,1,錠,1,5.8,0,0,0,0,1,0,0,0,0,8,610461003,0,0.0,0,0,1,,20131129,99999999,2123011F2011,0,0,アテノロール錠５０ｍｇ「ＮＰ」,2123011
0,Y,620256101,12,メインテート錠２．５ｍｇ,15,ﾒｲﾝﾃｰﾄｼﾞｮｳ2.5MG,16,1,錠,1,70.6,0,0,0,0,0,0,0,0,0,1,0,0,0.0,0,0,1,,20120622,99999999,2123016F1107,0,0,メインテート錠２．５ｍｇ,2123016
0,Y,620256201,10,メインテート錠５ｍｇ,13,ﾒｲﾝﾃｰﾄｼﾞｮｳ5MG,16,1,錠,1,123.0,0,0,0,0,0,0,0,0,0,1,0,0,0.0,0,0,1,,20120622,99999999,2123016F2189,0,0,メインテート錠５ｍｇ,2123016
0,Y,620290104,21,メトプロロール酒石酸塩錠２０ｍｇ「ＴＣＫ」,20,ﾒﾄﾌﾟﾛﾛｰﾙｼｭｾｷｻﾝｴﾝｼﾞｮｳ,16,1,錠,1,6.3,0,0,0,0,1,0,0,0,0,1,0,0,0.0,0,0,1,,20120622,99999999,2149010F1149,0,0,メトプロロール酒石酸塩錠２０ｍｇ「ＴＣＫ」,2149010
0,Y,620290106,21,メトプロロール酒石酸塩錠２０ｍｇ「トーワ」,20,ﾒﾄﾌﾟﾛﾛｰﾙｼｭｾｷｻﾝｴﾝｼﾞｮｳ,16,1,錠,1,6.3,0,0,0,0,1,0,0,0,0,1,0,0,0.0,0,0,1,,20131213,99999999,2149010F1173,0,0,メトプロロール酒石酸塩錠２０ｍｇ「トーワ」,2149010
0,Y,620293401,26,プロプラノロール塩酸塩徐放カプセル６０ｍｇ「サワイ」,20,ﾌﾟﾛﾌﾟﾗﾉﾛｰﾙｴﾝｻﾝｴﾝｼﾞｮﾎ,15,4,カプセル,1,36.4,0,0,0,0,1,0,0,0,0,0,0,0,0.0,0,0,1,,20130621,99999999,2149014M1065,0,0,プロプラノロール塩酸塩徐放カプセル６０ｍｇ「サワイ」,2149014
0,Y,621248601,21,セリプロロール塩酸塩錠１００ｍｇ「日医工」,20,ｾﾘﾌﾟﾛﾛｰﾙｴﾝｻﾝｴﾝｼﾞｮｳ10,16,1,錠,1,24.5,0,0,0,0,1,0,0,0,0,0,0,0,0.0,0,0,1,,20130621,99999999,2149029F1097,0,0,セリプロロール塩酸塩錠１００ｍｇ「日医工」,2149029
0,Y,621248701,20,セリプロロール塩酸塩錠１００ｍｇ「テバ」,20,ｾﾘﾌﾟﾛﾛｰﾙｴﾝｻﾝｴﾝｼﾞｮｳ10,16,1,錠,1,13.7,0,0,0,0,1,0,0,0,0,8,621977100,0,0.0,0,0,1,,20131213,99999999,2149029F1011,0,0,セリプロロール塩酸塩錠１００ｍｇ「テバ」,2149029
0,Y,621248801,21,セリプロロール塩酸塩錠１００ｍｇ「タナベ」,20,ｾﾘﾌﾟﾛﾛｰﾙｴﾝｻﾝｴﾝｼﾞｮｳ10,16,1,錠,1,16.7,0,0,0,0,1,0,0,0,0,0,0,1,16.7,0,0,1,,20120401,99999999,2149029F1070,7023000,0,セリプロロール塩酸塩錠１００ｍｇ「タナベ」,2149029
0,Y,621248901,21,セリプロロール塩酸塩錠２００ｍｇ「日医工」,20,ｾﾘﾌﾟﾛﾛｰﾙｴﾝｻﾝｴﾝｼﾞｮｳ20,16,1,錠,1,38.2,0,0,0,0,1,0,0,0,0,0,0,0,0.0,0,0,1,,20130621,99999999,2149029F2093,0,0,セリプロロール塩酸塩錠２００ｍｇ「日医工」,2149029
0,Y,621249001,20,セリプロロール塩酸塩錠２００ｍｇ「テバ」,20,ｾﾘﾌﾟﾛﾛｰﾙｴﾝｻﾝｴﾝｼﾞｮｳ20,16,1,錠,1,25.2,0,0,0,0,1,0,0,0,0,8,620003441,0,0.0,0,0,1,,20131213,99999999,2149029F2018,0,0,セリプロロール塩酸塩錠２００ｍｇ「テバ」,2149029
0,Y,621249102,21,セリプロロール塩酸塩錠２００ｍｇ「タナベ」,20,ｾﾘﾌﾟﾛﾛｰﾙｴﾝｻﾝｴﾝｼﾞｮｳ20,16,1,錠,1,25.2,0,0,0,0,1,0,0,0,0,8,620003441,1,26.2,0,0,1,,20120401,99999999,2149029F2018,7025000,0,セリプロロール塩酸塩錠２００ｍｇ「タナベ」,2149029
0,Y,621366706,21,メトプロロール酒石酸塩錠４０ｍｇ「トーワ」,20,ﾒﾄﾌﾟﾛﾛｰﾙｼｭｾｷｻﾝｴﾝｼﾞｮｳ,16,1,錠,1,6.3,0,0,0,0,1,0,0,0,0,1,0,0,0.0,0,0,1,,20131213,99999999,2149010F2242,0,0,メトプロロール酒石酸塩錠４０ｍｇ「トーワ」,2149010
0,Y,621366715,20,メトプロロール酒石酸塩錠４０ｍｇ「ＹＤ」,20,ﾒﾄﾌﾟﾛﾛｰﾙｼｭｾｷｻﾝｴﾝｼﾞｮｳ,16,1,錠,1,6.3,0,0,0,0,1,0,0,0,0,1,0,0,0.0,0,0,1,,20131213,99999999,2149010F2234,0,0,メトプロロール酒石酸塩錠４０ｍｇ「ＹＤ」,2149010
0,Y,621366718,21,メトプロロール酒石酸塩錠４０ｍｇ「サワイ」,20,ﾒﾄﾌﾟﾛﾛｰﾙｼｭｾｷｻﾝｴﾝｼﾞｮｳ,16,1,錠,1,7.4,0,0,0,0,1,0,0,0,0,1,0,0,0.0,0,0,1,,20130621,99999999,2149010F2226,0,0,メトプロロール酒石酸塩錠４０ｍｇ「サワイ」,2149010
0,Y,621399302,22,ビソプロロールフマル酸塩錠２．５ｍｇ「ＺＥ」,20,ﾋﾞｿﾌﾟﾛﾛｰﾙﾌﾏﾙｻﾝｴﾝｼﾞｮｳ,16,1,錠,1,9.6,0,0,0,0,1,0,0,0,0,1,620001874,0,0.0,0,0,1,,20131213,99999999,2123016F1018,0,0,ビソプロロールフマル酸塩錠２．５ｍｇ「ＺＥ」,2123016
0,Y,621399401,23,ビソプロロールフマル酸塩錠２．５ｍｇ「トーワ」,20,ﾋﾞｿﾌﾟﾛﾛｰﾙﾌﾏﾙｻﾝｴﾝｼﾞｮｳ,16,1,錠,1,28.5,0,0,0,0,1,0,0,0,0,1,0,0,0.0,0,0,1,,20131213,99999999,2123016F1123,0,0,ビソプロロールフマル酸塩錠２．５ｍｇ「トーワ」,2123016
0,Y,621399602,23,ビソプロロールフマル酸塩錠２．５ｍｇ「日医工」,20,ﾋﾞｿﾌﾟﾛﾛｰﾙﾌﾏﾙｻﾝｴﾝｼﾞｮｳ,16,1,錠,1,18.3,0,0,0,0,1,0,0,0,0,1,0,0,0.0,0,0,1,,20131213,99999999,2123016F1131,0,0,ビソプロロールフマル酸塩錠２．５ｍｇ「日医工」,2123016
0,Y,621399902,20,ビソプロロールフマル酸塩錠５ｍｇ「ＺＥ」,20,ﾋﾞｿﾌﾟﾛﾛｰﾙﾌﾏﾙｻﾝｴﾝｼﾞｮｳ,16,1,錠,1,13.4,0,0,0,0,1,0,0,0,0,1,620001875,0,0.0,0,0,1,,20131213,99999999,2123016F2014,0,0,ビソプロロールフマル酸塩錠５ｍｇ「ＺＥ」,2123016
0,Y,621400001,21,ビソプロロールフマル酸塩錠５ｍｇ「トーワ」,20,ﾋﾞｿﾌﾟﾛﾛｰﾙﾌﾏﾙｻﾝｴﾝｼﾞｮｳ,16,1,錠,1,54.1,0,0,0,0,1,0,0,0,0,1,0,0,0.0,0,0,1,,20131213,99999999,2123016F2200,0,0,ビソプロロールフマル酸塩錠５ｍｇ「トーワ」,2123016
0,Y,621400301,22,ビソプロロールフマル酸塩錠５ｍｇ「タイヨー」,20,ﾋﾞｿﾌﾟﾛﾛｰﾙﾌﾏﾙｻﾝｴﾝｼﾞｮｳ,16,1,錠,1,13.4,0,0,0,0,1,0,0,0,0,1,620001875,1,16.2,0,0,1,,20120401,99999999,2123016F2014,11056000,0,ビソプロロールフマル酸塩錠５ｍｇ「タイヨー」,2123016
0,Y,621400502,21,ビソプロロールフマル酸塩錠５ｍｇ「日医工」,20,ﾋﾞｿﾌﾟﾛﾛｰﾙﾌﾏﾙｻﾝｴﾝｼﾞｮｳ,16,1,錠,1,24.8,0,0,0,0,1,0,0,0,0,1,0,0,0.0,0,0,1,,20131213,99999999,2123016F2219,0,0,ビソプロロールフマル酸塩錠５ｍｇ「日医工」,2123016
0,Y,621400601,20,ビソプロロールフマル酸塩錠５ｍｇ「日新」,20,ﾋﾞｿﾌﾟﾛﾛｰﾙﾌﾏﾙｻﾝｴﾝｼﾞｮｳ,16,1,錠,1,13.4,0,0,0,0,1,0,0,0,0,1,620001875,0,0.0,0,0,1,,20131213,99999999,2123016F2014,0,0,ビソプロロールフマル酸塩錠５ｍｇ「日新」,2123016
0,Y,621400901,21,ビソプロロールフマル酸塩錠５ｍｇ「サワイ」,20,ﾋﾞｿﾌﾟﾛﾛｰﾙﾌﾏﾙｻﾝｴﾝｼﾞｮｳ,16,1,錠,1,13.4,0,0,0,0,1,0,0,0,0,1,620001875,0,0.0,0,0,1,,20131129,99999999,2123016F2014,0,0,ビソプロロールフマル酸塩錠５ｍｇ「サワイ」,2123016
0,Y,621469501,18,ベタキソロール塩酸塩錠５ｍｇ「テバ」,20,ﾍﾞﾀｷｿﾛｰﾙｴﾝｻﾝｴﾝｼﾞｮｳ5M,16,1,錠,1,21.8,0,0,0,0,1,0,0,0,0,0,0,0,0.0,0,0,1,,20131213,99999999,2149031F1078,0,0,ベタキソロール塩酸塩錠５ｍｇ「テバ」,2149031
0,Y,621469801,19,ベタキソロール塩酸塩錠１０ｍｇ「テバ」,20,ﾍﾞﾀｷｿﾛｰﾙｴﾝｻﾝｴﾝｼﾞｮｳ10,16,1,錠,1,32.8,0,0,0,0,1,0,0,0,0,0,0,0,0.0,0,0,1,,20131213,99999999,2149031F2082,0,0,ベタキソロール塩酸塩錠１０ｍｇ「テバ」,2149031
0,Y,621573401,16,メインロール錠２．５　２．５ｍｇ,13,ﾒｲﾝﾛｰﾙｼﾞｮｳ2.5,16,1,錠,1,9.6,0,0,0,0,1,0,0,0,0,1,620001874,1,9.6,0,0,1,,20120401,99999999,2123016F1018,13722000,0,メインロール錠２．５,2123016
0,Y,621573402,23,ビソプロロールフマル酸塩錠２．５ｍｇ「サワイ」,20,ﾋﾞｿﾌﾟﾛﾛｰﾙﾌﾏﾙｻﾝｴﾝｼﾞｮｳ,16,1,錠,1,9.6,0,0,0,0,1,0,0,0,0,1,620001874,0,0.0,0,0,1,,20131129,99999999,2123016F1018,0,0,ビソプロロールフマル酸塩錠２．５ｍｇ「サワイ」,2123016
0,Y,621720801,20,セリプロロール塩酸塩錠２００ｍｇ「ＪＧ」,20,ｾﾘﾌﾟﾛﾛｰﾙｴﾝｻﾝｴﾝｼﾞｮｳ20,16,1,錠,1,25.2,0,0,0,0,1,0,0,0,0,8,620003441,1,26.2,0,0,1,,20120401,99999999,2149029F2018,7024000,0,セリプロロール塩酸塩錠２００ｍｇ「ＪＧ」,2149029
0,Y,621770001,19,カルテオロール塩酸塩錠５ｍｇ「日医工」,20,ｶﾙﾃｵﾛｰﾙｴﾝｻﾝｴﾝｼﾞｮｳ5MG,16,1,錠,1,5.6,0,0,0,0,1,0,0,0,0,0,0,0,0.0,0,0,1,,20131213,99999999,2123005F1265,0,0,カルテオロール塩酸塩錠５ｍｇ「日医工」,2123005
0,Y,621965401,12,メデピン錠２０　２０ｍｇ,12,ﾒﾃﾞﾋﾟﾝｼﾞｮｳ20,16,1,錠,1,7.3,0,0,0,0,1,0,0,0,0,1,0,1,7.3,0,0,1,,20130621,99999999,2149010F1122,13912000,20140331,メデピン錠２０,2149010
0,Y,621965402,21,メトプロロール酒石酸塩錠２０ｍｇ「サワイ」,20,ﾒﾄﾌﾟﾛﾛｰﾙｼｭｾｷｻﾝｴﾝｼﾞｮｳ,16,1,錠,1,7.3,0,0,0,0,1,0,0,0,0,1,0,0,0.0,0,0,1,,20130621,99999999,2149010F1157,0,0,メトプロロール酒石酸塩錠２０ｍｇ「サワイ」,2149010
0,Y,621974401,11,セーブテンス錠２５ｍｇ,15,ｾｰﾌﾞﾃﾝｽｼﾞｮｳ25MG,16,1,錠,1,13.4,0,0,0,0,1,0,0,0,0,0,0,1,14.4,0,0,1,,20131213,99999999,2123011F1198,6959000,20140331,セーブテンス錠２５ｍｇ,2123011
0,Y,621974402,18,アテノロール錠２５ｍｇ「ファイザー」,20,ｱﾃﾉﾛｰﾙｼﾞｮｳ25MGﾌｧｲｻﾞｰ,16,1,錠,1,13.4,0,0,0,0,1,0,0,0,0,0,0,0,0.0,0,0,1,,20131213,99999999,2123011F1317,0,0,アテノロール錠２５ｍｇ「ファイザー」,2123011
0,Y,621977100,16,セリプロロール塩酸塩１００ｍｇ錠,20,ｾﾘﾌﾟﾛﾛｰﾙｴﾝｻﾝｴﾝ100MGｼ,16,1,錠,1,13.7,0,0,0,0,1,0,0,0,0,8,0,1,15.1,0,0,1,,20120401,99999999,2149029F1011,7020000,0,セリプロロール塩酸塩１００ｍｇ錠,2149029
0,Y,621977101,20,セリプロロール塩酸塩錠１００ｍｇ「ＪＧ」,20,ｾﾘﾌﾟﾛﾛｰﾙｴﾝｻﾝｴﾝｼﾞｮｳ10,16,1,錠,1,14.5,0,0,0,0,1,0,0,0,0,0,0,1,15.1,0,0,1,,20120401,99999999,2149029F1089,7022000,0,セリプロロール塩酸塩錠１００ｍｇ「ＪＧ」,2149029
0,Y,622060401,24,ビソプロロールフマル酸塩錠２．５ｍｇ「タイヨー」,20,ﾋﾞｿﾌﾟﾛﾛｰﾙﾌﾏﾙｻﾝｴﾝｼﾞｮｳ,16,1,錠,1,9.6,0,0,0,0,1,0,0,0,0,1,620001874,1,9.6,0,0,1,,20120401,99999999,2123016F1018,11054000,0,ビソプロロールフマル酸塩錠２．５ｍｇ「タイヨー」,2123016
0,Y,622064801,11,ビソテート錠２．５ｍｇ,15,ﾋﾞｿﾃｰﾄｼﾞｮｳ2.5MG,16,1,錠,1,9.6,0,0,0,0,1,0,0,0,0,1,620001874,1,9.6,0,0,1,,20120401,99999999,2123016F1018,11048000,0,ビソテート錠２．５ｍｇ,2123016
0,Y,622064802,22,ビソプロロールフマル酸塩錠２．５ｍｇ「日新」,20,ﾋﾞｿﾌﾟﾛﾛｰﾙﾌﾏﾙｻﾝｴﾝｼﾞｮｳ,16,1,錠,1,9.6,0,0,0,0,1,0,0,0,0,1,620001874,0,0.0,0,0,1,,20131213,99999999,2123016F1018,0,0,ビソプロロールフマル酸塩錠２．５ｍｇ「日新」,2123016
0,Y,622068002,14,メインテート錠０．６２５ｍｇ,17,ﾒｲﾝﾃｰﾄｼﾞｮｳ0.625MG,16,1,錠,1,23.3,0,0,0,0,0,0,0,0,0,1,0,0,0.0,0,0,1,,20120622,99999999,2123016F3037,0,0,メインテート錠０．６２５ｍｇ,2123016
0,Y,622097101,9,タルロング錠５ｍｇ,13,ﾀﾙﾛﾝｸﾞｼﾞｮｳ5MG,16,1,錠,1,21.8,0,0,0,0,1,0,0,0,0,0,0,1,26.7,0,0,1,,20120401,99999999,2149031F1060,7744000,0,タルロング錠５ｍｇ,2149031
0,Y,622105701,21,メトプロロール酒石酸塩錠４０ｍｇ「ＴＣＫ」,20,ﾒﾄﾌﾟﾛﾛｰﾙｼｭｾｷｻﾝｴﾝｼﾞｮｳ,16,1,錠,1,6.3,0,0,0,0,1,0,0,0,0,1,0,1,6.3,0,0,1,,20120401,99999999,2149010F2218,13934000,0,メトプロロール酒石酸塩錠４０ｍｇ「ＴＣＫ」,2149010
0,Y,622117101,12,ゼグミューラー錠２０ｍｇ,17,ｾﾞｸﾞﾐｭｰﾗｰｼﾞｮｳ20MG,16,1,錠,1,6.3,0,0,0,0,1,0,0,0,0,1,0,1,6.3,0,0,1,,20131213,99999999,2149010F1130,6679000,20140331,ゼグミューラー錠２０ｍｇ,2149010
0,Y,622117102,20,メトプロロール酒石酸塩錠２０ｍｇ「ＹＤ」,20,ﾒﾄﾌﾟﾛﾛｰﾙｼｭｾｷｻﾝｴﾝｼﾞｮｳ,16,1,錠,1,6.3,0,0,0,0,1,0,0,0,0,1,0,0,0.0,0,0,1,,20131213,99999999,2149010F1165,0,0,メトプロロール酒石酸塩錠２０ｍｇ「ＹＤ」,2149010
0,Y,622264101,9,ビソノテープ４ｍｇ,11,ﾋﾞｿﾉﾃｰﾌﾟ4MG,6,1,枚,1,89.3,0,0,0,0,0,0,0,0,0,0,0,0,0.0,0,0,6,,20130827,99999999,2149700S1027,0,0,ビソノテープ４ｍｇ,2149700
0,Y,622264201,9,ビソノテープ８ｍｇ,11,ﾋﾞｿﾉﾃｰﾌﾟ8MG,6,1,枚,1,123.0,0,0,0,0,0,0,0,0,0,0,0,0,0.0,0,0,6,,20130827,99999999,2149700S2023,0,0,ビソノテープ８ｍｇ,2149700
0,Y,622267901,24,ビソプロロールフマル酸塩錠０．６２５ｍｇ「ＺＥ」,20,ﾋﾞｿﾌﾟﾛﾛｰﾙﾌﾏﾙｻﾝｴﾝｼﾞｮｳ,16,1,錠,1,9.6,0,0,0,0,1,0,0,0,0,1,0,0,0.0,0,0,1,,20131213,99999999,2123016F3053,0,0,ビソプロロールフマル酸塩錠０．６２５ｍｇ「ＺＥ」,2123016
0,Y,622271001,25,ビソプロロールフマル酸塩錠０．６２５ｍｇ「日医工」,20,ﾋﾞｿﾌﾟﾛﾛｰﾙﾌﾏﾙｻﾝｴﾝｼﾞｮｳ,16,1,錠,1,10.0,0,0,0,0,1,0,0,0,0,1,0,0,0.0,0,0,1,,20131213,99999999,2123016F3088,0,0,ビソプロロールフマル酸塩錠０．６２５ｍｇ「日医工」,2123016
0,Y,622284601,24,ビソプロロールフマル酸塩錠０．６２５ｍｇ「テバ」,20,ﾋﾞｿﾌﾟﾛﾛｰﾙﾌﾏﾙｻﾝｴﾝｼﾞｮｳ,16,1,錠,1,9.6,0,0,0,0,1,0,0,0,0,1,0,0,0.0,0,0,1,,20131213,99999999,2123016F3070,0,0,ビソプロロールフマル酸塩錠０．６２５ｍｇ「テバ」,2123016
0,Y,622289401,13,ウェルビー錠０．６２５ｍｇ,17,ｳｪﾙﾋﾞｰｼﾞｮｳ0.625MG,16,1,錠,1,9.6,0,0,0,0,1,0,0,0,0,1,0,0,0.0,0,0,1,,20131213,99999999,2123016F3045,0,0,ウェルビー錠０．６２５ｍｇ,2123016
0,Y,622296701,25,ビソプロロールフマル酸塩錠０．６２５ｍｇ「サワイ」,20,ﾋﾞｿﾌﾟﾛﾛｰﾙﾌﾏﾙｻﾝｴﾝｼﾞｮｳ,16,1,錠,1,9.6,0,0,0,0,1,0,0,0,0,1,0,0,0.0,0,0,1,,20131213,99999999,2123016F3061,0,0,ビソプロロールフマル酸塩錠０．６２５ｍｇ「サワイ」,2123016
0,Y,622296801,24,ビソプロロールフマル酸塩錠０．６２５ｍｇ「日新」,20,ﾋﾞｿﾌﾟﾛﾛｰﾙﾌﾏﾙｻﾝｴﾝｼﾞｮｳ,16,1,錠,1,9.6,0,0,0,0,1,0,0,0,0,1,0,0,0.0,0,0,1,,20131213,99999999,2123016F3096,0,0,ビソプロロールフマル酸塩錠０．６２５ｍｇ「日新」,2123016
0,Y,620252207,19,カルテオロール塩酸塩錠５ｍｇ「ＴＣＫ」,20,ｶﾙﾃｵﾛｰﾙｴﾝｻﾝｴﾝｼﾞｮｳ5MG,16,1,錠,1,5.8,0,0,0,0,1,0,0,0,0,0,0,1,5.8,0,0,1,,20180401,99999999,2123005F1281,4232000,0,カルテオロール塩酸塩錠５ｍｇ「ＴＣＫ」,2123005
0,Y,620252208,19,カルテオロール塩酸塩錠５ｍｇ「トーワ」,20,ｶﾙﾃｵﾛｰﾙｴﾝｻﾝｴﾝｼﾞｮｳ5MG,16,1,錠,1,5.8,0,0,0,0,1,0,0,0,0,0,0,0,0.0,0,0,1,,20190614,99999999,2123005F1290,0,0,カルテオロール塩酸塩錠５ｍｇ「トーワ」,2123005
0,Y,620252210,20,カルテオロール塩酸塩錠５ｍｇ「ツルハラ」,20,ｶﾙﾃｵﾛｰﾙｴﾝｻﾝｴﾝｼﾞｮｳ5MG,16,1,錠,1,5.8,0,0,0,0,1,0,0,0,0,0,0,1,5.6,0,0,1,,20180401,99999999,2123005F1273,4231000,0,カルテオロール塩酸塩錠５ｍｇ「ツルハラ」,2123005
0,Y,620252707,21,プロプラノロール塩酸塩錠１０ｍｇ「トーワ」,20,ﾌﾟﾛﾌﾟﾗﾉﾛｰﾙｴﾝｻﾝｴﾝｼﾞｮｳ,16,1,錠,1,6.3,0,0,0,0,1,0,0,0,0,1,0,1,6.3,0,0,1,,20180401,99999999,2123008F1285,14385000,0,プロプラノロール塩酸塩錠１０ｍｇ「トーワ」,2123008
0,Y,620252712,22,プロプラノロール塩酸塩錠１０ｍｇ「ツルハラ」,20,ﾌﾟﾛﾌﾟﾗﾉﾛｰﾙｴﾝｻﾝｴﾝｼﾞｮｳ,16,1,錠,1,6.3,0,0,0,0,1,0,0,0,0,1,0,1,6.3,0,0,1,,20180401,99999999,2123008F1277,14384000,0,プロプラノロール塩酸塩錠１０ｍｇ「ツルハラ」,2123008
0,Y,620254424,15,アテノロール錠２５ｍｇ「ＪＧ」,16,ｱﾃﾉﾛｰﾙｼﾞｮｳ25MGJG,16,1,錠,1,5.8,0,0,0,0,1,0,0,0,0,8,610461002,1,5.8,0,0,1,,20180401,99999999,2123011F1015,625000,0,アテノロール錠２５ｍｇ「ＪＧ」,2123011
0,Y,620254425,16,アテノロール錠２５ｍｇ「イセイ」,17,ｱﾃﾉﾛｰﾙｼﾞｮｳ25MGｲｾｲ,16,1,錠,1,5.8,0,0,0,0,1,0,0,0,0,8,610461002,1,5.8,0,0,1,,20180401,99999999,2123011F1015,621000,0,アテノロール錠２５ｍｇ「イセイ」,2123011
0,Y,620254426,17,アテノロール錠２５ｍｇ「ツルハラ」,18,ｱﾃﾉﾛｰﾙｼﾞｮｳ25MGﾂﾙﾊﾗ,16,1,錠,1,5.8,0,0,0,0,1,0,0,0,0,8,610461002,1,5.8,0,0,1,,20180401,99999999,2123011F1015,627000,0,アテノロール錠２５ｍｇ「ツルハラ」,2123011
0,Y,620254501,16,アテノロール錠５０ｍｇ「イセイ」,17,ｱﾃﾉﾛｰﾙｼﾞｮｳ50MGｲｾｲ,16,1,錠,1,5.8,0,0,0,0,1,0,0,0,0,8,610461003,1,5.9,0,0,1,,20180401,99999999,2123011F2011,632000,0,アテノロール錠５０ｍｇ「イセイ」,2123011
0,Y,620254522,17,アテノロール錠５０ｍｇ「ツルハラ」,18,ｱﾃﾉﾛｰﾙｼﾞｮｳ50MGﾂﾙﾊﾗ,16,1,錠,1,5.8,0,0,0,0,1,0,0,0,0,8,610461003,1,5.9,0,0,1,,20180401,99999999,2123011F2011,638000,0,アテノロール錠５０ｍｇ「ツルハラ」,2123011
0,Y,620254560,15,アテノロール錠５０ｍｇ「ＪＧ」,16,ｱﾃﾉﾛｰﾙｼﾞｮｳ50MGJG,16,1,錠,1,5.8,0,0,0,0,1,0,0,0,0,8,610461003,1,5.9,0,0,1,,20180401,99999999,2123011F2011,636000,0,アテノロール錠５０ｍｇ「ＪＧ」,2123011
0,Y,620290102,20,メトプロロール酒石酸塩錠２０ｍｇ「テバ」,20,ﾒﾄﾌﾟﾛﾛｰﾙｼｭｾｷｻﾝｴﾝｼﾞｮｳ,16,1,錠,1,7.3,0,0,0,0,1,0,0,0,0,1,0,1,7.3,0,0,1,,20180401,99999999,2149010F1190,16093000,0,メトプロロール酒石酸塩錠２０ｍｇ「テバ」,2149010
0,Y,620290111,20,メトプロロール酒石酸塩錠２０ｍｇ「ＪＧ」,20,ﾒﾄﾌﾟﾛﾛｰﾙｼｭｾｷｻﾝｴﾝｼﾞｮｳ,16,1,錠,1,7.3,0,0,0,0,1,0,0,0,0,1,0,1,7.3,0,0,1,,20180401,99999999,2149010F1181,16091000,0,メトプロロール酒石酸塩錠２０ｍｇ「ＪＧ」,2149010
0,Y,621248803,20,セリプロロール塩酸塩錠１００ｍｇ「ＣＨ」,20,ｾﾘﾌﾟﾛﾛｰﾙｴﾝｻﾝｴﾝｼﾞｮｳ10,16,1,錠,1,11.6,0,0,0,0,1,0,0,0,0,0,0,1,12.8,0,0,1,,20180401,99999999,2149029F1119,8048000,0,セリプロロール塩酸塩錠１００ｍｇ「ＣＨ」,2149029
0,Y,621249103,20,セリプロロール塩酸塩錠２００ｍｇ「ＣＨ」,20,ｾﾘﾌﾟﾛﾛｰﾙｴﾝｻﾝｴﾝｼﾞｮｳ20,16,1,錠,1,24.2,0,0,0,0,1,0,0,0,0,0,0,1,26.6,0,0,1,,20180401,99999999,2149029F2115,8054000,0,セリプロロール塩酸塩錠２００ｍｇ「ＣＨ」,2149029
0,Y,621366703,20,メトプロロール酒石酸塩錠４０ｍｇ「テバ」,20,ﾒﾄﾌﾟﾛﾛｰﾙｼｭｾｷｻﾝｴﾝｼﾞｮｳ,16,1,錠,1,7.4,0,0,0,0,1,0,0,0,0,1,0,1,7.4,0,0,1,,20180401,99999999,2149010F2269,16099000,0,メトプロロール酒石酸塩錠４０ｍｇ「テバ」,2149010
0,Y,621366720,20,メトプロロール酒石酸塩錠４０ｍｇ「ＪＧ」,20,ﾒﾄﾌﾟﾛﾛｰﾙｼｭｾｷｻﾝｴﾝｼﾞｮｳ,16,1,錠,1,7.4,0,0,0,0,1,0,0,0,0,1,0,1,7.4,0,0,1,,20180401,99999999,2149010F2250,16097000,0,メトプロロール酒石酸塩錠４０ｍｇ「ＪＧ」,2149010
0,Y,621400302,20,ビソプロロールフマル酸塩錠５ｍｇ「テバ」,20,ﾋﾞｿﾌﾟﾛﾛｰﾙﾌﾏﾙｻﾝｴﾝｼﾞｮｳ,16,1,錠,1,14.1,0,0,0,0,1,0,0,0,0,8,620001875,1,16.8,0,0,1,,20180401,99999999,2123016F2014,12998000,0,ビソプロロールフマル酸塩錠５ｍｇ「テバ」,2123016
0,Y,621402601,21,セリプロロール塩酸塩錠１００ｍｇ「トーワ」,20,ｾﾘﾌﾟﾛﾛｰﾙｴﾝｻﾝｴﾝｼﾞｮｳ10,16,1,錠,1,11.6,0,0,0,0,1,0,0,0,0,0,0,1,12.8,0,0,1,,20180401,99999999,2149029F1127,8051000,0,セリプロロール塩酸塩錠１００ｍｇ「トーワ」,2149029
0,Y,621402701,21,セリプロロール塩酸塩錠２００ｍｇ「トーワ」,20,ｾﾘﾌﾟﾛﾛｰﾙｴﾝｻﾝｴﾝｼﾞｮｳ20,16,1,錠,1,24.2,0,0,0,0,1,0,0,0,0,0,0,1,26.6,0,0,1,,20180401,99999999,2149029F2123,8057000,0,セリプロロール塩酸塩錠２００ｍｇ「トーワ」,2149029
0,Y,621469601,19,ベタキソロール塩酸塩錠５ｍｇ「サワイ」,20,ﾍﾞﾀｷｿﾛｰﾙｴﾝｻﾝｴﾝｼﾞｮｳ5M,16,1,錠,1,20.0,0,0,0,0,1,0,0,0,0,0,0,1,25.0,0,0,1,,20180401,99999999,2149031F1086,14529000,0,ベタキソロール塩酸塩錠５ｍｇ「サワイ」,2149031
0,Y,621469901,20,ベタキソロール塩酸塩錠１０ｍｇ「トーワ」,20,ﾍﾞﾀｷｿﾛｰﾙｴﾝｻﾝｴﾝｼﾞｮｳ10,16,1,錠,1,38.6,0,0,0,0,1,0,0,0,0,0,0,1,45.3,0,0,1,,20180401,99999999,2149031F2104,14534000,0,ベタキソロール塩酸塩錠１０ｍｇ「トーワ」,2149031
0,Y,621470001,20,ベタキソロール塩酸塩錠１０ｍｇ「サワイ」,20,ﾍﾞﾀｷｿﾛｰﾙｴﾝｻﾝｴﾝｼﾞｮｳ10,16,1,錠,1,40.5,0,0,0,0,1,0,0,0,0,0,0,1,45.3,0,0,1,,20180401,99999999,2149031F2090,14532000,0,ベタキソロール塩酸塩錠１０ｍｇ「サワイ」,2149031
0,Y,621633801,19,ベタキソロール塩酸塩錠５ｍｇ「トーワ」,20,ﾍﾞﾀｷｿﾛｰﾙｴﾝｻﾝｴﾝｼﾞｮｳ5M,16,1,錠,1,20.0,0,0,0,0,1,0,0,0,0,0,0,1,25.0,0,0,1,,20180401,99999999,2149031F1094,14531000,0,ベタキソロール塩酸塩錠５ｍｇ「トーワ」,2149031
0,Y,622060402,22,ビソプロロールフマル酸塩錠２．５ｍｇ「テバ」,20,ﾋﾞｿﾌﾟﾛﾛｰﾙﾌﾏﾙｻﾝｴﾝｼﾞｮｳ,16,1,錠,1,11.5,0,0,0,0,1,0,0,0,0,1,0,1,13.6,0,0,1,,20180401,99999999,2123016F1166,12990000,0,ビソプロロールフマル酸塩錠２．５ｍｇ「テバ」,2123016
0,Y,622321100,10,ピンドロール５ｍｇ錠,15,ﾋﾟﾝﾄﾞﾛｰﾙ5MGｼﾞｮｳ,16,1,錠,1,5.6,0,0,0,0,1,0,0,0,0,8,0,1,5.6,0,0,1,,20180401,99999999,2123009F3010,13337000,0,ピンドロール５ｍｇ錠,2123009
0,Y,622323100,15,ベタキソロール塩酸塩１０ｍｇ錠,20,ﾍﾞﾀｷｿﾛｰﾙｴﾝｻﾝｴﾝ10MGｼﾞ,16,1,錠,1,22.2,0,0,0,0,1,0,0,0,0,8,0,1,25.0,0,0,1,,20180401,99999999,2149031F2015,14528000,0,ベタキソロール塩酸塩１０ｍｇ錠,2149031
0,Y,622339301,25,ビソプロロールフマル酸塩錠０．６２５ｍｇ「トーワ」,20,ﾋﾞｿﾌﾟﾛﾛｰﾙﾌﾏﾙｻﾝｴﾝｼﾞｮｳ,16,1,錠,1,9.9,0,0,0,0,1,0,0,0,0,1,0,1,9.9,0,0,1,,20180401,99999999,2123016F3100,12983000,0,ビソプロロールフマル酸塩錠０．６２５ｍｇ「トーワ」,2123016
0,Y,622591001,24,ビソプロロールフマル酸塩錠０．６２５ｍｇ「ＪＧ」,20,ﾋﾞｿﾌﾟﾛﾛｰﾙﾌﾏﾙｻﾝｴﾝｼﾞｮｳ,16,1,錠,1,9.9,0,0,0,0,1,0,0,0,0,1,0,1,9.9,0,0,1,,20180401,99999999,2123016F3118,12980000,0,ビソプロロールフマル酸塩錠０．６２５ｍｇ「ＪＧ」,2123016
0,Y,622591101,22,ビソプロロールフマル酸塩錠２．５ｍｇ「ＪＧ」,20,ﾋﾞｿﾌﾟﾛﾛｰﾙﾌﾏﾙｻﾝｴﾝｼﾞｮｳ,16,1,錠,1,11.5,0,0,0,0,1,0,0,0,0,1,0,1,13.6,0,0,1,,20180401,99999999,2123016F1174,12987000,0,ビソプロロールフマル酸塩錠２．５ｍｇ「ＪＧ」,2123016
0,Y,622591201,20,ビソプロロールフマル酸塩錠５ｍｇ「ＪＧ」,20,ﾋﾞｿﾌﾟﾛﾛｰﾙﾌﾏﾙｻﾝｴﾝｼﾞｮｳ,16,1,錠,1,14.1,0,0,0,0,1,0,0,0,0,8,620001875,1,16.8,0,0,1,,20180401,99999999,2123016F2014,12995000,0,ビソプロロールフマル酸塩錠５ｍｇ「ＪＧ」,2123016
0,Y,622669401,9,ビソノテープ２ｍｇ,11,ﾋﾞｿﾉﾃｰﾌﾟ2MG,6,1,枚,1,59.4,0,0,0,0,0,0,0,0,0,0,0,0,0.0,0,0,6,,20190529,99999999,2149700S3020,0,0,ビソノテープ２ｍｇ,2149700
0,Y,622312500,14,カルテオロール塩酸塩５ｍｇ錠,20,ｶﾙﾃｵﾛｰﾙｴﾝｻﾝｴﾝ5MGｼﾞｮｳ,16,1,錠,1,5.6,0,0,0,0,1,0,0,0,0,8,0,0,0.0,0,0,1,,20140401,99999999,2123005F1010,3580000,0,カルテオロール塩酸塩５ｍｇ錠,2123005
0,Y,622322800,16,プロプラノロール塩酸塩１０ｍｇ錠,20,ﾌﾟﾛﾌﾟﾗﾉﾛｰﾙｴﾝｻﾝｴﾝ10MG,16,1,錠,1,6.3,0,0,0,0,1,0,0,0,0,8,0,0,0.0,0,0,1,,20140401,99999999,2123008F1013,12513000,0,プロプラノロール塩酸塩１０ｍｇ錠,2123008
0,Y,622323000,14,ベタキソロール塩酸塩５ｍｇ錠,20,ﾍﾞﾀｷｿﾛｰﾙｴﾝｻﾝｴﾝ5MGｼﾞｮ,16,1,錠,1,19.8,0,0,0,0,1,0,0,0,0,8,0,0,0.0,0,0,1,,20140401,99999999,2149031F1019,12652000,0,ベタキソロール塩酸塩５ｍｇ錠,2149031
0,Y,622324500,16,メトプロロール酒石酸塩４０ｍｇ錠,20,ﾒﾄﾌﾟﾛﾛｰﾙｼｭｾｷｻﾝｴﾝ40MG,16,1,錠,1,7.4,0,0,0,0,1,0,0,0,0,8,0,0,0.0,0,0,1,,20140401,99999999,2149010F2013,14122000,0,メトプロロール酒石酸塩４０ｍｇ錠,2149010
0,Y,621399501,23,ビソプロロールフマル酸塩錠２．５ｍｇ「サンド」,20,ﾋﾞｿﾌﾟﾛﾛｰﾙﾌﾏﾙｻﾝｴﾝｼﾞｮｳ,16,1,錠,1,10.1,0,0,0,0,1,0,0,0,0,8,622719200,1,10.2,0,0,1,,20200401,99999999,2123016F1018,13844000,0,ビソプロロールフマル酸塩錠２．５ｍｇ「サンド」,2123016
0,Y,621400401,21,ビソプロロールフマル酸塩錠５ｍｇ「サンド」,20,ﾋﾞｿﾌﾟﾛﾛｰﾙﾌﾏﾙｻﾝｴﾝｼﾞｮｳ,16,1,錠,1,23.8,0,0,0,0,1,0,0,0,0,1,0,1,14.9,0,0,1,,20200401,99999999,2123016F2260,13853000,0,ビソプロロールフマル酸塩錠５ｍｇ「サンド」,2123016
0,Y,622289402,25,ビソプロロールフマル酸塩錠０．６２５ｍｇ「サンド」,20,ﾋﾞｿﾌﾟﾛﾛｰﾙﾌﾏﾙｻﾝｴﾝｼﾞｮｳ,16,1,錠,1,10.1,0,0,0,0,1,0,0,0,0,8,622719300,1,10.1,0,0,1,,20200401,99999999,2123016F3010,13836000,0,ビソプロロールフマル酸塩錠０．６２５ｍｇ「サンド」,2123016
0,Y,622718800,14,カルテオロール塩酸塩５ｍｇ錠,20,ｶﾙﾃｵﾛｰﾙｴﾝｻﾝｴﾝ5MGｼﾞｮｳ,16,1,錠,1,5.9,0,0,0,0,1,0,0,0,0,8,0,0,0.0,0,0,1,,20200401,99999999,2123005F1010,4552000,0,カルテオロール塩酸塩５ｍｇ錠,2123005
0,Y,622718900,10,ピンドロール５ｍｇ錠,15,ﾋﾟﾝﾄﾞﾛｰﾙ5MGｼﾞｮｳ,16,1,錠,1,5.7,0,0,0,0,1,0,0,0,0,8,0,0,0.0,0,0,1,,20200401,99999999,2123009F3010,14218000,0,ピンドロール５ｍｇ錠,2123009
0,Y,622719200,18,ビソプロロールフマル酸塩２．５ｍｇ錠,20,ﾋﾞｿﾌﾟﾛﾛｰﾙﾌﾏﾙｻﾝｴﾝ2.5M,16,1,錠,1,10.1,0,0,0,0,1,0,0,0,0,8,0,0,0.0,0,0,1,,20200401,99999999,2123016F1018,13832000,0,ビソプロロールフマル酸塩２．５ｍｇ錠,2123016
0,Y,622719300,20,ビソプロロールフマル酸塩０．６２５ｍｇ錠,20,ﾋﾞｿﾌﾟﾛﾛｰﾙﾌﾏﾙｻﾝｴﾝ0.62,16,1,錠,1,10.1,0,0,0,0,1,0,0,0,0,8,0,0,0.0,0,0,1,,20200401,99999999,2123016F3010,13831000,0,ビソプロロールフマル酸塩０．６２５ｍｇ錠,2123016
0,Y,622723500,16,メトプロロール酒石酸塩２０ｍｇ錠,20,ﾒﾄﾌﾟﾛﾛｰﾙｼｭｾｷｻﾝｴﾝ20MG,16,1,錠,1,7.4,0,0,0,0,1,0,0,0,0,8,0,0,0.0,0,0,1,,20200401,99999999,2149010F1017,17275000,0,メトプロロール酒石酸塩２０ｍｇ錠,2149010
0,Y,622723600,16,メトプロロール酒石酸塩４０ｍｇ錠,20,ﾒﾄﾌﾟﾛﾛｰﾙｼｭｾｷｻﾝｴﾝ40MG,16,1,錠,1,7.5,0,0,0,0,1,0,0,0,0,8,0,0,0.0,0,0,1,,20200401,99999999,2149010F2013,17277000,0,メトプロロール酒石酸塩４０ｍｇ錠,2149010
0,Y,622724900,16,セリプロロール塩酸塩１００ｍｇ錠,20,ｾﾘﾌﾟﾛﾛｰﾙｴﾝｻﾝｴﾝ100MGｼ,16,1,錠,1,10.9,0,0,0,0,1,0,0,0,0,8,0,0,0.0,0,0,1,,20200401,99999999,2149029F1011,8581000,0,セリプロロール塩酸塩１００ｍｇ錠,2149029
0,Y,622725000,16,セリプロロール塩酸塩２００ｍｇ錠,20,ｾﾘﾌﾟﾛﾛｰﾙｴﾝｻﾝｴﾝ200MGｼ,16,1,錠,1,22.8,0,0,0,0,1,0,0,0,0,8,0,0,0.0,0,0,1,,20200401,99999999,2149029F2018,8582000,0,セリプロロール塩酸塩２００ｍｇ錠,2149029
0,Y,622725100,14,ベタキソロール塩酸塩５ｍｇ錠,20,ﾍﾞﾀｷｿﾛｰﾙｴﾝｻﾝｴﾝ5MGｼﾞｮ,16,1,錠,1,17.9,0,0,0,0,1,0,0,0,0,8,0,0,0.0,0,0,1,,20200401,99999999,2149031F1019,15533000,0,ベタキソロール塩酸塩５ｍｇ錠,2149031
